{
  "0.0": {
    "precision": 0.6778523489932886,
    "recall": 0.6047904191616766,
    "f1-score": 0.6392405063291139,
    "support": 167.0
  },
  "1.0": {
    "precision": 0.45,
    "recall": 0.4090909090909091,
    "f1-score": 0.42857142857142855,
    "support": 110.0
  },
  "2.0": {
    "precision": 0.4961832061068702,
    "recall": 0.6310679611650486,
    "f1-score": 0.5555555555555556,
    "support": 103.0
  }
}