{
    "QT2": {
        "350.0": {
            "tau": 3.432991347957284,
            "omega": 0.9261795748635604,
            "ABS": 25.342488079592556,
            "conv": true
        },
        "355.0": {
            "tau": 3.3993501084289703,
            "omega": 0.925775591588321,
            "ABS": 25.231475078231714,
            "conv": true
        },
        "360.0": {
            "tau": 3.395516366431155,
            "omega": 0.9261847337815794,
            "ABS": 25.064094453711995,
            "conv": true
        },
        "365.0": {
            "tau": 3.364615962257969,
            "omega": 0.9260948283602785,
            "ABS": 24.866252019242207,
            "conv": true
        },
        "370.0": {
            "tau": 3.295137725530055,
            "omega": 0.925466491334884,
            "ABS": 24.559817621854496,
            "conv": true
        },
        "375.0": {
            "tau": 3.2422866784839526,
            "omega": 0.9252522756825735,
            "ABS": 24.23535508013829,
            "conv": true
        },
        "380.0": {
            "tau": 3.219357257377297,
            "omega": 0.9254959995246216,
            "ABS": 23.98549946340511,
            "conv": true
        },
        "385.0": {
            "tau": 3.189623934558531,
            "omega": 0.9255225099079178,
            "ABS": 23.75551849835511,
            "conv": true
        },
        "390.0": {
            "tau": 3.140779206290148,
            "omega": 0.9251633067505732,
            "ABS": 23.504553002531388,
            "conv": true
        },
        "395.0": {
            "tau": 3.1110451548373246,
            "omega": 0.9252399538016294,
            "ABS": 23.258187950085546,
            "conv": true
        },
        "400.0": {
            "tau": 3.0984411492302444,
            "omega": 0.9257907150386124,
            "ABS": 22.99331021793164,
            "conv": true
        },
        "405.0": {
            "tau": 3.061911425625222,
            "omega": 0.9258985859996965,
            "ABS": 22.689196618251394,
            "conv": true
        },
        "410.0": {
            "tau": 3.0388667729208594,
            "omega": 0.9261418704398631,
            "ABS": 22.444501583038402,
            "conv": true
        },
        "415.0": {
            "tau": 3.0341387660166173,
            "omega": 0.9267716906147514,
            "ABS": 22.218485227564127,
            "conv": true
        },
        "420.0": {
            "tau": 3.0140301209863525,
            "omega": 0.9269796524857675,
            "ABS": 22.00855268527876,
            "conv": true
        },
        "425.0": {
            "tau": 2.9920843120132927,
            "omega": 0.9272009233592324,
            "ABS": 21.7820975145894,
            "conv": true
        },
        "430.0": {
            "tau": 2.970507149876375,
            "omega": 0.9274056530615497,
            "ABS": 21.56420266212729,
            "conv": true
        },
        "435.0": {
            "tau": 2.9487128590881277,
            "omega": 0.9275622288933756,
            "ABS": 21.359818714578584,
            "conv": true
        },
        "440.0": {
            "tau": 2.9344881765772173,
            "omega": 0.9279339138906216,
            "ABS": 21.147707762016648,
            "conv": true
        },
        "445.0": {
            "tau": 2.9065487918940964,
            "omega": 0.9278786902342929,
            "ABS": 20.96241057693358,
            "conv": true
        },
        "450.0": {
            "tau": 2.8825891878931866,
            "omega": 0.9279234631541027,
            "ABS": 20.77670458127685,
            "conv": true
        },
        "455.0": {
            "tau": 2.860640380045238,
            "omega": 0.9280398099907238,
            "ABS": 20.58522252962635,
            "conv": true
        },
        "460.0": {
            "tau": 2.848121639736802,
            "omega": 0.928354933495587,
            "ABS": 20.405386429160114,
            "conv": true
        },
        "465.0": {
            "tau": 2.8307881483539736,
            "omega": 0.9285568645112987,
            "ABS": 20.22403812226628,
            "conv": true
        },
        "470.0": {
            "tau": 2.812137991714442,
            "omega": 0.9287123211304795,
            "ABS": 20.047079009011735,
            "conv": true
        },
        "475.0": {
            "tau": 2.7988809481267123,
            "omega": 0.9289168424994936,
            "ABS": 19.895329526085785,
            "conv": true
        },
        "480.0": {
            "tau": 2.7828971180075506,
            "omega": 0.9290726825201172,
            "ABS": 19.738342740277236,
            "conv": true
        },
        "485.0": {
            "tau": 2.762674285633149,
            "omega": 0.9291388779663567,
            "ABS": 19.57661996934588,
            "conv": true
        },
        "490.0": {
            "tau": 2.7467261184002694,
            "omega": 0.9292147050185033,
            "ABS": 19.442781852434436,
            "conv": true
        },
        "495.0": {
            "tau": 2.733363733319482,
            "omega": 0.9293963951429067,
            "ABS": 19.298533295799796,
            "conv": true
        },
        "500.0": {
            "tau": 2.718888603116866,
            "omega": 0.929583712258269,
            "ABS": 19.145404221479037,
            "conv": true
        },
        "505.0": {
            "tau": 2.705328336693012,
            "omega": 0.9297476116048031,
            "ABS": 19.00557770458894,
            "conv": true
        },
        "510.0": {
            "tau": 2.692226483661641,
            "omega": 0.9298277347392784,
            "ABS": 18.89196309534445,
            "conv": true
        },
        "515.0": {
            "tau": 2.6795869368830543,
            "omega": 0.9299680132385204,
            "ABS": 18.76567968900277,
            "conv": true
        },
        "520.0": {
            "tau": 2.6643954655244944,
            "omega": 0.9300173117621613,
            "ABS": 18.646155720611183,
            "conv": true
        },
        "525.0": {
            "tau": 2.648140343600849,
            "omega": 0.9299895966286901,
            "ABS": 18.53973736393347,
            "conv": true
        },
        "530.0": {
            "tau": 2.633462747944208,
            "omega": 0.9299394396989097,
            "ABS": 18.45018756530202,
            "conv": true
        },
        "535.0": {
            "tau": 2.619023175781253,
            "omega": 0.9299169030103924,
            "ABS": 18.35492552463076,
            "conv": true
        },
        "540.0": {
            "tau": 2.600811384658753,
            "omega": 0.929807932948777,
            "ABS": 18.255632709955147,
            "conv": true
        },
        "545.0": {
            "tau": 2.5818305057678996,
            "omega": 0.9296272159485397,
            "ABS": 18.169060063987693,
            "conv": true
        },
        "550.0": {
            "tau": 2.566095170916913,
            "omega": 0.9295994329579569,
            "ABS": 18.06545551163992,
            "conv": true
        },
        "555.0": {
            "tau": 2.547585031793297,
            "omega": 0.9294341034630055,
            "ABS": 17.97726217727217,
            "conv": true
        },
        "560.0": {
            "tau": 2.5346896027932204,
            "omega": 0.929397426287691,
            "ABS": 17.89556095190317,
            "conv": true
        },
        "565.0": {
            "tau": 2.5273350791738536,
            "omega": 0.9295484402379934,
            "ABS": 17.805469836903235,
            "conv": true
        },
        "570.0": {
            "tau": 2.5148567088546656,
            "omega": 0.9296278841687668,
            "ABS": 17.69757876144743,
            "conv": true
        },
        "575.0": {
            "tau": 2.5044861995717578,
            "omega": 0.9297942821023772,
            "ABS": 17.582925160562414,
            "conv": true
        },