{
    "QFB": {
        "350.0": {
            "p_f": 436.0011422906441,
            "b_f": 6907.177277945989,
            "type": "white"
        },
        "355.0": {
            "p_f": 601.0218473605959,
            "b_f": 9556.80725634135,
            "type": "white"
        },
        "360.0": {
            "p_f": 776.5094652805883,
            "b_f": 12408.83596942294,
            "type": "white"
        },
        "365.0": {
            "p_f": 976.5079347261193,
            "b_f": 15685.754309765087,
            "type": "white"
        },
        "370.0": {
            "p_f": 1241.8975855853,
            "b_f": 19872.184856196498,
            "type": "white"
        },
        "375.0": {
            "p_f": 1640.5655034923582,
            "b_f": 26133.244415622445,
            "type": "white"
        },
        "380.0": {
            "p_f": 2146.9931637615155,
            "b_f": 34286.86597244968,
            "type": "white"
        },
        "385.0": {
            "p_f": 2710.952291731388,
            "b_f": 43307.04520653499,
            "type": "white"
        },
        "390.0": {
            "p_f": 3292.8145358232778,
            "b_f": 52481.078670688315,
            "type": "white"
        },
        "395.0": {
            "p_f": 3872.8860189479706,
            "b_f": 61549.91570421601,
            "type": "white"
        },
        "400.0": {
            "p_f": 4424.23613755285,
            "b_f": 70159.94401271791,
            "type": "white"
        },
        "405.0": {
            "p_f": 5001.71467826192,
            "b_f": 78917.02460626521,
            "type": "white"
        },
        "410.0": {
            "p_f": 5561.239601963517,
            "b_f": 87751.20636456143,
            "type": "white"
        },
        "415.0": {
            "p_f": 6146.989659665092,
            "b_f": 96991.96436524113,
            "type": "white"
        },
        "420.0": {
            "p_f": 6758.214076429784,
            "b_f": 106574.39879591341,
            "type": "white"
        },
        "425.0": {
            "p_f": 7386.199894044317,
            "b_f": 116113.14935217662,
            "type": "white"
        },
        "430.0": {
            "p_f": 8033.714542401109,
            "b_f": 126008.7161658731,
            "type": "white"
        },
        "435.0": {
            "p_f": 8677.76708057957,
            "b_f": 136012.5446828116,
            "type": "white"
        },
        "440.0": {
            "p_f": 9331.303245450377,
            "b_f": 145919.39375682233,
            "type": "white"
        },
        "445.0": {
            "p_f": 10055.551702737319,
            "b_f": 157004.0277446329,
            "type": "white"
        },
        "450.0": {
            "p_f": 10787.474001904608,
            "b_f": 168321.01805253702,
            "type": "white"
        },
        "455.0": {
            "p_f": 11528.13324430747,
            "b_f": 179651.22918995674,
            "type": "white"
        },
        "460.0": {
            "p_f": 12275.213479563918,
            "b_f": 191076.81184373898,
            "type": "white"
        },
        "465.0": {
            "p_f": 13086.899007121841,
            "b_f": 203250.8922400353,
            "type": "white"
        },
        "470.0": {
            "p_f": 13986.630724268056,
            "b_f": 216825.3371568173,
            "type": "white"
        },
        "475.0": {
            "p_f": 14858.555613358669,
            "b_f": 230031.73547106484,
            "type": "white"
        },
        "480.0": {
            "p_f": 15683.359313664492,
            "b_f": 242396.11665332306,
            "type": "white"
        },
        "485.0": {
            "p_f": 16456.82104992155,
            "b_f": 253740.04587220575,
            "type": "white"
        },
        "490.0": {
            "p_f": 17185.036482332718,
            "b_f": 264644.9683793257,
            "type": "white"
        },
        "495.0": {
            "p_f": 17894.398874672457,
            "b_f": 275192.1930703556,
            "type": "white"
        },
        "500.0": {
            "p_f": 18525.35980140218,
            "b_f": 284317.5664832998,
            "type": "white"
        },
        "505.0": {
            "p_f": 18925.399484942507,
            "b_f": 290048.09098304965,
            "type": "white"
        },
        "510.0": {
            "p_f": 19146.826794226046,
            "b_f": 293534.0619206618,
            "type": "white"
        },
        "515.0": {
            "p_f": 19428.366488244523,
            "b_f": 297375.88156647404,
            "type": "white"
        },
        "520.0": {
            "p_f": 19652.134116736634,
            "b_f": 300272.3710090741,
            "type": "white"
        },
        "525.0": {
            "p_f": 19664.666591659327,
            "b_f": 300069.3330544427,
            "type": "white"
        },
        "530.0": {
            "p_f": 19559.233582845456,
            "b_f": 298445.37187330314,
            "type": "white"
        },
        "535.0": {
            "p_f": 19383.170038570395,
            "b_f": 295507.03515063936,
            "type": "white"
        },
        "540.0": {
            "p_f": 19115.213643583495,
            "b_f": 290889.71973635675,
            "type": "white"
        },
        "545.0": {
            "p_f": 18815.36790143071,
            "b_f": 286060.670827218,
            "type": "white"
        },
        "550.0": {
            "p_f": 18688.600593355848,
            "b_f": 284028.2225992645,
            "type": "white"
        },
        "555.0": {
            "p_f": 18741.555096093573,
            "b_f": 284761.1545864984,
            "type": "white"
        },
        "560.0": {
            "p_f": 18747.231635129225,
            "b_f": 284479.8609297187,
            "type": "white"
        },
        "565.0": {
            "p_f": 18607.524138082998,
            "b_f": 282325.8291402908,
            "type": "white"
        },
        "570.0": {
            "p_f": 18490.792228874296,
            "b_f": 280184.4731711947,
            "type": "white"
        },
        "575.0": {
            "p_f": 18676.27245119539,
            "b_f": 282396.54825116426,
            "type": "white"
        },
        "580.0": {
            "p_f": 19671.830155151074,
            "b_f": 296775.7772698843,
            "type": "white"
        },
        "585.0": {
            "p_f": 21883.55371533076,
            "b_f": 329188.67213208275,
            "type": "white"
        },
        "590.0": {
            "p_f": 24903.983304783837,
            "b_f": 373691.730564198,
            "type": "white"
        },
        "595.0": {
            "p_f": 27547.810999405894,
            "b_f": 412253.10810182587,
            "type": "white"
        },
        "600.0": {
            "p_f": 29045.55191190751,
            "b_f": 433663.5399383485,
            "type": "white"
        },
        "605.0": {
            "p_f": 29836.751444318696,
            "b_f": 445174.0344056684,
            "type": "white"
        },
        "610.0": {
            "p_f": 30691.1371783261,
            "b_f": 457423.650893117,
            "type": "white"
        },
        "615.0": {
            "p_f": 31772.99192631405,
            "b_f": 472697.11613369564,
            "type": "white"
        },
        "620.0": {
            "p_f": 32801.62981273253,
            "b_f": 487242.38984702626,
            "type": "white"
        },
        "625.0": {
            "p_f": 33496.66740462872,
            "b_f": 497248.8851474641,
            "type": "white"
        },
        "630.0": {
            "p_f": 33797.41782660011,
            "b_f": 500942.04191688914,
            "type": "white"
        },
        "635.0": {
            "p_f": 33857.23272315357,
            "b_f": 500940.68405454565,
            "type": "white"
        },
        "640.0": {
            "p_f": 33834.371429438186,
            "b_f": 500125.64268000616,
            "type": "white"
        },