{
  "0.0": {
    "precision": 0.6558441558441559,
    "recall": 0.6047904191616766,
    "f1-score": 0.6292834890965732,
    "support": 167.0
  },
  "1.0": {
    "precision": 0.43157894736842106,
    "recall": 0.37272727272727274,
    "f1-score": 0.4,
    "support": 110.0
  },
  "2.0": {
    "precision": 0.48854961832061067,
    "recall": 0.6213592233009708,
    "f1-score": 0.5470085470085471,
    "support": 103.0
  }
}