{
  "0.0": {
    "precision": 0.689873417721519,
    "recall": 0.6526946107784432,
    "f1-score": 0.6707692307692308,
    "support": 167.0
  },
  "1.0": {
    "precision": 0.49514563106796117,
    "recall": 0.4636363636363636,
    "f1-score": 0.4788732394366197,
    "support": 110.0
  },
  "2.0": {
    "precision": 0.5294117647058824,
    "recall": 0.6116504854368932,
    "f1-score": 0.5675675675675675,
    "support": 103.0
  }
}