{"fluidattacks_core.aio.threads": 1752181750.471755, "fluidattacks_core.bugsnag": 1752181750.4699183, "fluidattacks_core": 1752181750.471022, "fluidattacks_core.git": 1752181750.4727619, "fluidattacks_core.git.clone": 1752181750.4720721, "fluidattacks_core.serializers": 1752181750.46992, "fluidattacks_core.git.utils": 1752181750.4716692, "fluidattacks_core.authz.types": 1752181750.4727397, "fluidattacks_core.git.download_repo": 1752181750.4717498, "fluidattacks_core.http": 1752181750.470438, "fluidattacks_core.authz": 1752181750.4723282, "fluidattacks_core.serializers.snippet": 1752181750.4758086, "fluidattacks_core.bugsnag.client": 1752181750.470917, "fluidattacks_core.aio.tasks": 1752181750.4715014, "fluidattacks_core.git.warp": 1752181750.4714932, "fluidattacks_core.http.client": 1752181750.4708908, "fluidattacks_core.aio": 1752181750.470803, "fluidattacks_core.git.delete_files": 1752181750.4718404, "fluidattacks_core.git.download_file": 1752181750.471233, "fluidattacks_core.git.https_utils": 1752181750.474724, "fluidattacks_core.git.ssh_utils": 1752181750.472903, "fluidattacks_core.serializers.syntax": 1752181750.4720695, "fluidattacks_core.aio.processes": 1752181750.4706144, "fluidattacks_core.aio.runners": 1752181750.4724643, "fluidattacks_core.http.validations": 1752181750.4725976, "fluidattacks_core.git.codecommit_utils": 1752181750.4722939, "fluidattacks_core.git.remote": 1752181750.4722207, "fluidattacks_core.git.classes": 1752181750.4708345}
