{
    "QT2": {
        "350.0": {
            "p_f": 247.3264980279581,
            "b_f": 2926.867768432899,
            "type": "black"
        },
        "355.0": {
            "p_f": 343.4182685030188,
            "b_f": 4055.118421936164,
            "type": "black"
        },
        "360.0": {
            "p_f": 445.751495835891,
            "b_f": 5287.4922618859555,
            "type": "black"
        },
        "365.0": {
            "p_f": 565.6010082668121,
            "b_f": 6709.7011814688,
            "type": "black"
        },
        "370.0": {
            "p_f": 731.1170405534732,
            "b_f": 8547.53147398157,
            "type": "black"
        },
        "375.0": {
            "p_f": 979.8177440220962,
            "b_f": 11318.592953278574,
            "type": "black"
        },
        "380.0": {
            "p_f": 1293.759337915384,
            "b_f": 14939.200950563258,
            "type": "black"
        },
        "385.0": {
            "p_f": 1648.7503916922599,
            "b_f": 18969.461986584978,
            "type": "black"
        },
        "390.0": {
            "p_f": 2026.913190264332,
            "b_f": 23110.307012611695,
            "type": "black"
        },
        "395.0": {
            "p_f": 2406.5755876583994,
            "b_f": 27266.838695828315,
            "type": "black"
        },
        "400.0": {
            "p_f": 2770.4044217749592,
            "b_f": 31305.141672881815,
            "type": "black"
        },
        "405.0": {
            "p_f": 3168.2471374140423,
            "b_f": 35481.878703342576,
            "type": "black"
        },
        "410.0": {
            "p_f": 3552.950599815723,
            "b_f": 39704.21087008872,
            "type": "black"
        },
        "415.0": {
            "p_f": 3950.18944820346,
            "b_f": 44168.09728501559,
            "type": "black"
        },
        "420.0": {
            "p_f": 4374.974162604335,
            "b_f": 48800.176915225224,
            "type": "black"
        },
        "425.0": {
            "p_f": 4819.183199026474,
            "b_f": 53490.44993011687,
            "type": "black"
        },
        "430.0": {
            "p_f": 5281.7084371875335,
            "b_f": 58389.02393772204,
            "type": "black"
        },
        "435.0": {
            "p_f": 5747.226231940554,
            "b_f": 63368.91605171942,
            "type": "black"
        },
        "440.0": {
            "p_f": 6220.718933961202,
            "b_f": 68391.36751455584,
            "type": "black"
        },
        "445.0": {
            "p_f": 6754.4666664498345,
            "b_f": 73942.41799500975,
            "type": "black"
        },
        "450.0": {
            "p_f": 7297.796387064204,
            "b_f": 79667.29091917332,
            "type": "black"
        },
        "455.0": {
            "p_f": 7853.3438371891225,
            "b_f": 85477.89806602347,
            "type": "black"
        },
        "460.0": {
            "p_f": 8409.096283001061,
            "b_f": 91384.80576548386,
            "type": "black"
        },
        "465.0": {
            "p_f": 9020.24576971904,
            "b_f": 97708.75706224416,
            "type": "black"
        },
        "470.0": {
            "p_f": 9700.094809001946,
            "b_f": 104757.81189513876,
            "type": "black"
        },
        "475.0": {
            "p_f": 10356.216668875908,
            "b_f": 111625.8883501132,
            "type": "black"
        },
        "480.0": {
            "p_f": 10990.133200879201,
            "b_f": 118157.42859949412,
            "type": "black"
        },
        "485.0": {
            "p_f": 11600.760694738672,
            "b_f": 124258.42949498507,
            "type": "black"
        },
        "490.0": {
            "p_f": 12172.767085598003,
            "b_f": 130097.38966922413,
            "type": "black"
        },
        "495.0": {
            "p_f": 12735.816210257808,
            "b_f": 135856.65226035385,
            "type": "black"
        },
        "500.0": {
            "p_f": 13251.82601655887,
            "b_f": 140998.05927711222,
            "type": "black"
        },
        "505.0": {
            "p_f": 13601.297992673093,
            "b_f": 144436.30471292275,
            "type": "black"
        },
        "510.0": {
            "p_f": 13816.35830509135,
            "b_f": 146657.97789920587,
            "type": "black"
        },
        "515.0": {
            "p_f": 14078.91402076567,
            "b_f": 149138.3718241462,
            "type": "black"
        },
        "520.0": {
            "p_f": 14302.893419675745,
            "b_f": 151124.19355259894,
            "type": "black"
        },
        "525.0": {
            "p_f": 14371.473927937292,
            "b_f": 151493.4282308278,
            "type": "black"
        },
        "530.0": {
            "p_f": 14346.235728486687,
            "b_f": 151066.60825058984,
            "type": "black"
        },
        "535.0": {
            "p_f": 14269.633114313412,
            "b_f": 150000.94716115558,
            "type": "black"
        },
        "540.0": {
            "p_f": 14130.69452595656,
            "b_f": 148088.95906713625,
            "type": "black"
        },
        "545.0": {
            "p_f": 13963.93764307858,
            "b_f": 145996.71850453774,
            "type": "black"
        },
        "550.0": {
            "p_f": 13925.339916794062,
            "b_f": 145409.9388868904,
            "type": "black"
        },
        "555.0": {
            "p_f": 14019.638158882879,
            "b_f": 146163.88738314825,
            "type": "black"
        },
        "560.0": {
            "p_f": 14068.089786907834,
            "b_f": 146382.2415053073,
            "type": "black"
        },
        "565.0": {
            "p_f": 14002.368100966109,
            "b_f": 145681.7982114094,
            "type": "black"
        },
        "570.0": {
            "p_f": 13965.8694625653,
            "b_f": 145061.2894577736,
            "type": "black"
        },
        "575.0": {
            "p_f": 14156.676992414641,
            "b_f": 146734.91199943473,
            "type": "black"
        },
        "580.0": {
            "p_f": 14962.241663788118,
            "b_f": 154818.83384677742,
            "type": "black"
        },
        "585.0": {
            "p_f": 16708.306164334823,
            "b_f": 172741.16958962462,
            "type": "black"
        },
        "590.0": {
            "p_f": 19073.457245615024,
            "b_f": 197057.92112662346,
            "type": "black"
        },
        "595.0": {
            "p_f": 21152.92396914158,
            "b_f": 218205.53130000428,
            "type": "black"
        },
        "600.0": {
            "p_f": 22360.164613849338,
            "b_f": 230221.01705706297,
            "type": "black"
        },
        "605.0": {
            "p_f": 23028.776384430817,
            "b_f": 236874.83028171252,
            "type": "black"
        },
        "610.0": {
            "p_f": 23759.86716251191,
            "b_f": 244112.88862655437,
            "type": "black"
        },
        "615.0": {
            "p_f": 24665.993902158745,
            "b_f": 252903.12270235247,
            "type": "black"
        },
        "620.0": {
            "p_f": 25534.95013057453,
            "b_f": 261405.5418722969,
            "type": "black"
        },
        "625.0": {
            "p_f": 26145.108953591454,
            "b_f": 267400.6388209375,
            "type": "black"
        },
        "630.0": {
            "p_f": 26441.87733960926,
            "b_f": 269967.47928354924,
            "type": "black"
        },
        "635.0": {
            "p_f": 26550.74712528422,
            "b_f": 270559.5676884386,
            "type": "black"
        },
        "640.0": {
            "p_f": 26601.322186531535,
            "b_f": 270781.6924380295,
            "type": "black"
        },